GoogleSearch,YouTube
,Cramer‚Äôs Mad Dash: Eli Lilly
,Eli Lilly CEO David Ricks: Projecting 32% total growth for company in 2025
,"Eli Lilly CEO on Fighting Cancer and Obesity, Drug Pricing"
,"Buy the weakness in Eli Lilly, says Mizuho Healthcare Strategist Jared Holz"
,Flynn: Eli Lilly could capture a significant part of a $100 billion market with Zepbound.
,Cramer‚Äôs Mad Dash: Eli Lilly
,"Dave Ricks, CEO of Eli Lilly | The All-In Interview"
,The David Rubenstein Show: Eli Lilly CEO Dave Ricks
,Eli Lilly CEO: We have 11 pipeline projects in obesity
,Eli Lilly to build $4.5 billion research and manufacturing center to propel drug pipeline
,Eli Lilly CEO David Ricks on Q3 results: The underlying growth story is fantastic
,Calls of the Day: Eli Lilly and Netflix
,"David A  Ricks, Chair and Chief Executive Officer of Eli Lilly and Company"
,Exclusive: How Eli Lilly‚Äôs making weight loss drugs more accessible
,Eli Lilly stock tumbles 10% after drug giant misses estimates and slashes profit guidance
,"Eli Lilly&#39;s drop after earnings is a buying opportunity, says Mizuho&#39;s Jared Holz"
,Eil Lilly announces Zepbound to be sold directly to consumers
,Eli Lilly to offer weight loss drug directly to qualifying customers at lower price
,"Three-Stock Lunch: Eli Lilly, Transdigm, &amp; Nvidia"
,Eli Lilly CEO on weight loss drugs outlook: Our top priority is making more product
,Eli Lilly Narrows Gap with Novo Nordisk
,"Eli Lilly is a &#39;great destination for investors&#39;, says Deutsche Bank&#39;s James Shin after upgrade"
,Eli Lilly slashes prices of weight-loss drug Zepbound for single-use vials
,Eli Lilly CEO David Ricks on 3-year obesity drug study: This is a profound result
,Why Lilly
,"Eli Lilly CEO on Fighting Obesity, Developing New Drugs"
,Eli Lilly Chief Scientific Officer explains Zepbound&#39;s weight loss advantage
,"Eli Lilly blows past estimates, hikes guidance as Zepbound, Mounjaro sales soar"
,"What Eli Lilly, Novo Nordisk earnings show about GLP-1 sales"
,Inside Lilly&#39;s Corporate Center
,"Eli Lilly is becoming the &#39;goat&#39; of obesity, says BMO&#39;s Evan Seigerman"
,Excitement grows around Eli Lilly&#39;s GLP-1 drugs in Q2 earnings
,KJP Pressed On Medicare Drug Price Rollout Amid Reports That Eli Lilly Asked For Negotiations Pause
,Eli Lilly CEO Dave Ricks on revolutionizing healthcare and medicine
,Why Work at Eli Lilly and Company?
,Why Eli Lilly is a top GLP-1 stock: Roundhill CEO
,"Eli Lilly&#39;s Zepbound may be best-in-breed for weight loss drugs, says Dr. Kavita Patel"
,Eli Lilly Stock Takes a Hit: Is Now the Time to Buy? | LLY Stock Prediction | LLY Stock Analysis |
,Eli Lilly slashes prices of low doses of weight loss drug by scrapping auto-injector
,"Eli Lilly&#39;s miss explanation is &#39;totally opaque&#39;, says Jim Cramer"
,Talent Development Academy at Lilly
,"Eli Lilly stock tumbles on Q3 miss, Zepbound sales fall short"
,Eli Lilly&#39;s Zepbound single-dose vials will expand access to more patients: Mizuho&#39;s Jared Holz
,"Celebrities slammed for using diabetes, weight loss drugs by Eli Lilly"
,Eli Lilly Now Selling Zepbound Vials at 50% Discount
,Eli Lilly CEO David Ricks on Q2 results: Seeing unbelievable demand for Zepbound and Mounjaro
,Health care bucks sell-off as Eli Lilly soars: Mizuho&#39;s Jared Holz on what&#39;s next for the group
,"Eli Lilly releases new form of weight loss drug Zepbound for half the price to boost access, supply"
,Eli Lilly vs. Novo Nordisk - Es r√ºttelt bei den Pharmakonzernen
,"3-Stock Lunch: Nike, Humana &amp; Eli Lilly"
,Talent Development Academy at Lilly
,Eli Lilly slashes prices of low doses of weight loss drug by scrapping auto-injector
,Is the billion-dollar incentive deal for Eli Lilly a good deal for taxpayers?
,Eli Lilly&#39;s Zepbound single-dose vials will expand access to more patients: Mizuho&#39;s Jared Holz
,Eli Lilly ‡∏ö‡∏£‡∏¥‡∏©‡∏±‡∏ó‡∏¢‡∏≤‡∏°‡∏≤‡πÅ‡∏£‡∏á ‡πÅ‡∏ã‡∏á Tesla ‡∏ä‡∏¥‡∏á‡∏´‡∏∏‡πâ‡∏ô 7 ‡∏ô‡∏≤‡∏á‡∏ü‡πâ‡∏≤ | The Secret Sauce EP.716
,"Celebrities slammed for using diabetes, weight loss drugs by Eli Lilly"
,Eli Lilly Now Selling Zepbound Vials at 50% Discount
,Why Only 3 Companies Make America&#39;s Insulin
,Health care bucks sell-off as Eli Lilly soars: Mizuho&#39;s Jared Holz on what&#39;s next for the group
,"Eli Lilly releases new form of weight loss drug Zepbound for half the price to boost access, supply"
,"Eli Lilly stock tumbles on Q3 miss, Zepbound sales fall short"
,"Stocks on the Move: Uber, Carmax, Novo Nordisk, Eli Lilly, Merck, Crown Castle and Accenture"
,Eli Lilly to release single-dose vials of Zepbound to improve access
,Eli Lilly CEO talks expanding innovation past obesity drugs
,Leerink&#39;s David Risinger talks Eli Lilly seeing best trading day in a year after earnings
,Eli Lilly to sell Zepbound directly to consumers without insurance coverage
,FDA advisers say Eli Lilly Alzheimer&#39;s treatment is effective
,Jim Cramer looks at Eli Lilly&#39;s outlook as the company&#39;s Alzheimer drug goes through FDA
,FDA approves Eli Lilly&#39;s Zepbound drug for weight loss
,Eli Lilly sells cheaper Zepbound option to meet demand | REUTERS
,Eli Lilly&#39;s weight loss drug slashes the risk of developing diabetes in long-term trial
,Potential for Weight-Loss Drugs Boosts Eli Lilly
,"3-Stock Lunch: Eli Lilly, Paypal, &amp; Paramount"
,"Three Buys and a Bail: Microsoft, Eli Lilly, Peloton, and Snap"
,Eli Lilly: Becoming the world&#39;s biggest pharmaceutical company 1876-2024
,Is Eli Lilly‚Äôs Stock in a Bubble?
,Eli Lilly pharma company debuts new Concord center
,Eli Lilly CEO on prospect of insurance companies covering weight loss drugs
,Eli Lilly releases ad slamming Hollywood‚Äôs Ozempic obsession
,"Novo Nordisk, Eli Lilly have strong first-mover advantage: analyst"
,"Eli Lilly price target raised by $300 to $1,025 by Deutsche Bank"
,Eli Lilly announces nearly $2B manufacturing investment in Ireland
,Lilly Lowers Forecast on Weight-Loss Disappointment
,ELI LILLY e NIKE SORPRENDONO gli INVESTITORI - OPPORTUNIT√Å?
,"Eli Lilly could be next to cross $1 trillion mark, says Jim Cramer"
,Market Navigator: Playing Big Pharma and Eli Lilly
,Eli Lilly to build $4.5 billion medicine foundry in Lebanon
,Eli Lilly CEO on why food companies haven&#39;t seen a big impact on sales
,Eli Lilly releases new data from potentially game-changing weight loss drug trial
,Goldman Sachs raises target on Eli Lilly: Here&#39;s why
,Lilly‚Äôs Commitment to Continuous Manufacturing
,Learn more about our Procurement Team
,Eli Lilly stock gains on weight loss drug that cuts Type 2 diabetes risk by 94%
,Can Eli Lilly become the first $1tn drugmaker?
,"Trading Direkt 2025-01-17 | Giganternas kammp: Eli Lilly vs NovoNordisk, Sandbladh med makro"
,Lilly Sesto Manufacturing
,Manufacturing and Quality Careers at Lilly
,"Final Trades: Reddit, Delta, Thermo Fisher and Eli Lilly"
,Lilly Continues to Invest in Ireland
,Cramer‚Äôs Mad Dash: Eli Lilly
,Eli Lilly study shows Alzheimer&#39;s drug slows disease
,Eli Lilly Stock Analysis: Is the Q2 Earnings Surge Just the Beginning? üöÄüìà
,&quot;Where Does Eli Lilly Go&quot; After Tripling Mounjaro Sales?
,Eli Lilly seeks FDA approval for weight loss drug tirzepatide
,Eli Lilly announces insulin price cut
,Is Eli Lilly an Undervalued Growth Stock to Buy Now? | Lilly Stock Analysis | Eli Lilly Stock DCF
,India is an emerging superpower economically: Eli Lilly CEO David Ricks
,"Trading Direkt 2025-01-17 | Giganternas kammp: Eli Lilly vs NovoNordisk, Sandbladh med makro"
,Chart of the Day: Eli Lilly
,Eli Lilly seeking fast-track FDA approval for obesity drug tirzepatide
,Eli Lilly pharma company debuts new Concord digs
,"Stocks: Reasons to go in on Eli Lilly stock, but avoid Tesla"
,Is Eli Lilly (LLY) Stock Finally An Undervalued Buy After 20% Drop? | LLY Stock Analysis |
,"SIF, Alphabet, TSMC, Richemont, ABN Amro en Eli Lilly| DeAandeelhouder Podcast Afl. 211"
,Eli Lilly CFO resigns over &#39;inappropriate&#39; communication
,Eli Lilly announces $450M expansion to Durham manufacturing facility
,Dr. Kavita Patel: Eli Lilly&#39;s direct-to-consumer portal will help patients get medications faster
,Is the billion-dollar incentive deal for Eli Lilly a good deal for taxpayers?
,Eli Lilly stock plunged after fake blue check tweet
,"3-Stock Lunch: Starbucks, Eli Lilly and JetBlue"
,"Eli Lilly Alzheimer‚Äôs drug could slow disease, but comes with side effects"
,FDA advisers say Eli Lilly&#39;s Alzheimer&#39;s treatment is effective
,New Eli Lilly ad discourages use of weight loss drugs for cosmetic reasons
,Is the billion-dollar incentive deal for Eli Lilly a good deal for taxpayers?
,Eli Lilly stock dips after imposter account posts prank on Twitter
,Former FDA commissioner: Expect more competition in Eli Lilly and Novo Nordisk&#39;s weight-loss drugs
,Eli Lilly SETTLES insulin lawsuit
,"Eli Lilly CEO on slashing insulin prices, approval timelines for weight-loss and Alzheimer&#39;s drugs"
,Eli Lilly stops trial of antibody drug over safety concern
,"Eli Lilly, International and Overall Cork Company of the Year 2021"
,Eli Lilly announces $4.5 billion investment in Lebanon
,Eli Lilly caps out-of-pocket insulin cost at $35 a month
,Eli Lilly Aptitude Assessment Test Explained!
,Mixed news from Eli Lilly; Indiana tech sector buzz
,Eli Lilly Expands Zepbound Access! ‚Äì What‚Äôs the Catch?
,2024 ISPE FOYA Category Winner for Innovation: Eli Lilly Kinsale Limited
,ZEPBOUND NEWS: Your Pocketbook W/ Sleep Apnea Approval For Eli Lilly Zepbound Weight Loss // LMNT
,Eli Lilly ‡∏ö‡∏£‡∏¥‡∏©‡∏±‡∏ó‡∏¢‡∏≤‡∏°‡∏≤‡πÅ‡∏£‡∏á ‡πÅ‡∏ã‡∏á Tesla ‡∏ä‡∏¥‡∏á‡∏´‡∏∏‡πâ‡∏ô 7 ‡∏ô‡∏≤‡∏á‡∏ü‡πâ‡∏≤ | The Secret Sauce EP.716
,Eli Lilly to sell Zepbound directly to consumers without insurance
,"Three-Stock Lunch: Nvidia, Eli Lilly &amp; Chipotle"
,Eli Lilly issues warning about potentially counterfeit weight loss drugs
,EEUU aprueba esperado f√°rmaco de Eli Lilly para p√©rdida de peso | AFP
,Next Generation Manufacturing at Lilly
,09.12.24 Eli Lilly Aktie
,Government played role in Eli Lilly&#39;s insulin price cuts
,Lilly Manufacturing: Who We Are
,"Lilly CEO Talks Fighting Cancer and Obesity, Drug Pricing | Bloomberg Talks"
,Eli Lilly Manufacturing site opens in Concord
,Zepbound and Wegovy go head-to-head in weight loss trial
,Eli Lilly weight loss drug for type-2 diabetes approved by the FDA
,FDA faults quality control at Eli Lilly plant
,"Eli Lilly to test obesity drugs to treat addiction in 2025, CEO says #shorts #weightloss #zepbound"
,Eli Lilly offers discounted Zepbound vials at half the usual monthly cost
,"Lilly forecasts weak sales of weight-loss drug, shares slump | REUTERS"
,Jim Cramer explains why he favors Eli Lilly in the weight loss drug space
,Eli Lilly confirms it has paused one of its Covid-19 antibody tests
,Eli Lilly drug could cut risk of developing diabetes
,Eli Lilly caps insulin cost at $35 per month
,Construction underway at Eli Lilly expansion in Lebanon
,La farmac√©utica Eli Lilly anuncia un alivio de 70% en los costos de su insulina | Noticias Telemundo
,Farmac√©utica Lilly reducir√° los precios de la insulina en un 70% en EE. UU.
,Eli Lilly &amp; Company Groundbreaking Recap
,Eli Lilly SETTLES insulin lawsuit
,Lilly Pulls Ahead of Novo in Obesity Drug Race
,Eli Lilly Unveils Insulin That Doesn‚Äôt Work On Poor People
,"As√≠ funciona el Zepbound, la nueva medicina de Eli Lilly para bajar de peso | Noticias Telemundo"
,Eli Lilly (NYSE: LLY) Stock Analysis: Are they heading to a Trillion-Dollar + Valuation?
,"2,300 Eli Lilly employees accept buyout as company cuts 3,500 jobs"
,Why Only 3 Companies Make America&#39;s Insulin
,Eli Lilly donates medicine to India
,"Eli Lilly CEO reacts to Q3 earnings miss, provides pipeline update"
,"Eli Lilly invests $3B to expand Wisconsin factory to help meet demand for Mounjaro, Zepbound"
,"Eli Lilly and Novo can &#39;coexist for awhile&#39; in the weight-loss drug space, says BMO&#39;s Evan Seigerman"
,"Twitter accounts pretend to be Eli Lilly, AES"
,Eli Lilly CEO: We expect to launch five new medicines in 2022
,"Eli Lilly is ahead of everyone in this business, says Jim Cramer"
,Interview Tips with Eli Lilly
,Alzey: Der US-Pharmariese Lilly kommt in die kleine Stadt | tagesthemen mittendrin
,HCLS Symposium 2021: Eli Lilly
,Is Eli Lilly Stock a Buy Now!? LLY Stock Analysis
,"Trading Direkt 2025-01-17 | Giganternas kammp: Eli Lilly vs NovoNordisk, Sandbladh med makro"
,"Eli Lilly caps insulin price at $35 amid mounting political, competitive pressure"
,"3-Stock Lunch: Nvidia, Eli Lilly, Paramount"
,Eli Lilly to sell popular weight loss medication directly to consumers without insurance coverage
,Insulin Pricing: Eli Lilly CEO | Mad Money | CNBC
,"Eli Lilly condemns new Indiana abortion ban, looks to expand outside the state"
,Eli Lilly Releases ZepBound Vials!
,Eli Lilly announces expansion plan at it Pleasant Prairie facility.
,Eli Lilly and Company invests additional $4.5 billion in LEAP
,Eli Lilly and Novo Nordisk will remain leaders in the weight-loss drug market: Mizuho&#39;s Jared Holz
,Lilly investing $4.5 billion for ‚Äòfirst of its kind‚Äô medicine foundry in Lebanon
,"3-Stock Lunch: Eli Lilly, Paypal, &amp; Paramount"
,Eli Lilly: Finalist &quot;International&quot; Cork Company of the Year 2021
,2019 Catalyst Award Winner: Eli Lilly and Company
,Eli Lilly‚Äôs Covid-19 Antibody Treatment Faces Distribution Challenges | NBC Nightly News
,5 Facts You Should Know About Eli Lilly in Cabarrus County
,Eli Lilly CEO: Alzheimer&#39;s drug trial shows slowed disease progression by 40-60% in early patients
,Eli Lilly ‡∏ß‡πà‡∏≤‡∏ó‡∏µ‡πà 7 ‡∏ô‡∏≤‡∏á‡∏ü‡πâ‡∏≤ ‡∏ö‡∏£‡∏¥‡∏©‡∏±‡∏ó‡∏¢‡∏≤‡πÉ‡∏´‡∏ç‡πà‡∏™‡∏∏‡∏î‡πÉ‡∏ô‡∏™‡∏´‡∏£‡∏±‡∏ê‡∏Ø ‡∏≠‡∏≤‡∏¢‡∏∏‡πÄ‡∏Å‡πà‡∏≤‡πÅ‡∏Å‡πà 150 ‡∏õ‡∏µ - Gigs Economy EP06
,Innovation and Collaboration - Scientists Discuss Eli Lilly and Co.‚Äôs Biotechnology Center
,Exploring Career Paths: Eli Lilly and Company&#39;s Postdoctoral Fellowships
,Eli Lilly ‡∏ß‡πà‡∏≤‡∏ó‡∏µ‡πà 7 ‡∏ô‡∏≤‡∏á‡∏ü‡πâ‡∏≤ ‡∏ö‡∏£‡∏¥‡∏©‡∏±‡∏ó‡∏¢‡∏≤‡πÉ‡∏´‡∏ç‡πà‡∏™‡∏∏‡∏î‡πÉ‡∏ô‡∏™‡∏´‡∏£‡∏±‡∏ê‡∏Ø ‡∏≠‡∏≤‡∏¢‡∏∏‡πÄ‡∏Å‡πà‡∏≤‡πÅ‡∏Å‡πà 150 ‡∏õ‡∏µ - Gigs Economy EP06
,5 Facts You Should Know About Eli Lilly in Cabarrus County
,Eli Lilly CEO: Alzheimer&#39;s drug trial shows slowed disease progression by 40-60% in early patients
,Innovation and Collaboration - Scientists Discuss Eli Lilly and Co.‚Äôs Biotechnology Center
,Eli Lilly warns about fake weight loss drugs
,What Eli Lilly&#39;s insulin price cap means for people living with diabetes
,Eli Lilly cuts price for weight-loss drug Zepbound
,Exploring Career Paths: Eli Lilly and Company&#39;s Postdoctoral Fellowships
,Desplome en Eli Lilly y despidos en Meta: An√°lisis con Rafael Ojeda
,Eli Lilly y Compa√±√≠a de M√©xico #ILovemyTOPjob TOP Companies 2022
,Eli Lilly Settles With ‚ÄòSimply Wrong‚Äô Non-Scientist Whistleblower
,Eli Lilly Performs Day of Service in Lebanon
,Eli Lilly CEO on compounded versions of weight loss drugs
,Jim Cramer weighs the market impact of Eli Lilly and Novo Nordisk&#39;s weight loss drugs
,UK&#39;s private obesity drug market choosing Lilly&#39;s Mounjaro over Wegovy | REUTERS
,Eli Lilly CEO: Competition in Pharma | Mad Money | CNBC
,"U.S., Eli Lilly strike deal for potential COVID-19 drug"
,Eli lilly : investir maintenant ?
,"Eli Lilly Stock Analysis: Buy, Hold, or Sell? | Lilly Stock Analysis | LLY Stock Analysis |"
,Eli Lilly CEO on Drug Pricing and Diabetes Treatment
,"Sanofi becomes latest to cut insulin prices, joins Novo Nordisk, Eli Lilly"
,Eli Lilly launches LillyDirect: What you need to know
,Eli Lilly profit misses on weaker drug demand
,Pharmaceutical Company Eli Lilly Caps Out-of-Pocket Cost for Insulin at $35
,Eli Lilly&#39;s Future: Will It Dominate the Weight Loss Drug Market? üíäüìà
,Jim Cramer: Eli Lilly stock represents real value
,Get Better
,Eli Lilly CEO Ready to Put $9 Billion in Cash to Work
,Eli Lilly settles whistleblower lawsuit over manufacturing problems | ANC
,Eli Lilly‚Äôs Affordable Weight Loss Breakthrough
,Eli Lilly | Grab | BYD &amp; ein neues Scheinchen im Musterdepot!
,Zepbound News: BREAKING Weight Loss Pill Entering ORFORGLIPRON VS TIRZEPTIDE WEIGHT LOSS ELI LILLY
,Eli Lilly says it will cut insulin prices by 70%
,Partners In Innovation: Eli Lilly and the International Space Station
,Coronavirus: Eli Lilly CEO David Ricks on development of therapies
,Eli Lilly reports results from Covid-19 phase 2 antibody drug trial
,"Dr. Scott Gottlieb on weight loss drugs side effects, Eli Lilly&#39;s direct-to-consumer bet"
,Milliardeninvestition: Pharmariese Eli Lilly plant Werk in Deutschland
,"Three-Stock Lunch: Meta, Disney, and Eli Lilly"
,ELI LILLY e NIKE SORPRENDONO gli INVESTITORI - OPPORTUNIT√Å?
,Eli Lilly says price for Humalog insulin is down 8.1%
,Intro to Eli Lilly Co  and Careers in Pharmaceutical Sales
,Eli Lilly: drug trial cuts diabetes risk by 94%
,Eli Lilly&#39;s growing momentum
,Eli Lilly stock upgraded to Buy on forecast for new diabetes drug
,Enright v. Eli Lilly &amp; Co. Case Brief Summary | Law Case Explained
,ELI LILLY AND COMPANY Career Tuesday
,Distinguished Purdue Alumni | Meet Dave Ricks: CEO of Eli Lilly
,Opening Remarks &amp; Sponsor Perspective: Eli Lilly | Expanding Access to Alzheimer‚Äôs Care &amp; Treatment
,Eli Lilly Ups Investment into LEAP
,Eli Lilly Alzheimer&#39;s Drug Fails Major Test Trial
,"Earnings Exchange: McDonald&#39;s, Brinker International, Eli Lilly"
,"Calls of the Day: Martin Marietta, Datadog, Bristol-Myers, Eli Lilly and Disney"
,Pharmaceutical Company Eli Lilly Caps Insulin Cost at $35 a Month
,Eli Lilly&#39;s planned Boone County expansion causing controversy
,"Marketing Leadership #BISummit: Omnicom, Eli Lilly and VIZIO Panel Discussion"
,Eli Lilly adds $5.3 billion investment in Lebanon LEAP district
,"Stocks on the Move: Uber, Carmax, Novo Nordisk, Eli Lilly, Merck, Crown Castle and Accenture"
,Top Biotech Stocks To Invest In: Why Eli Lilly (LLY) Might Be Appealing Now
,Eli Lilly to test weight loss drug Zepbound to treat addiction
,Eli Lilly weight loss drugs are &#39;mega-growth assets&#39; BMO&#39;s Evan Seigerman says
,Business of Health: Eli Lilly&#39;s DIP-IN Project
,Eli Lilly&#39;s Pipeline Unveiled &amp; LLY Stock Analysis Breakdown
,Eli Lilly Invests $4.5 Billion in LEAP District Facility | WFYI News Now
,Eli Lilly: Structured Collaboration Leads to New Solutions to a Global Health Crisis
,Cramer‚Äôs Mad Dash: Eli Lilly
,Eli Lilly CEO on the MAHA movement and vaccine development
,Best Healthcare Stock to Buy: Eli Lilly vs. Novo Nordisk
,La farmac√©utica Eli Lilly rebaja la insulina a $35 al mes | Noticias Telemundo
,"Eli Lilly invests $3B to expand Wisconsin factory to help meet demand for Mounjaro, Zepbound"
,Health News 18: Shortage Over for Eli Lilly&#39;s Weight Loss Drugs
,"Novo, Lilly shares rise on Biden&#39;s obesity coverage plan | REUTERS"
,"DJT Made Me Quit, Eli Lilly To $1000, Abbvie Botox, Novo Nordisk Drug &amp; Stock Review |Martin Shkreli"
,Drug Eli Lilly is cutting it&#39;s price for insulin
,Eli Lilly lifts revenue forecast on obesity drug sales
,Eli Lilly‚Äôs $800M Miss Hits GLP-1 Users‚ÄîWill Supply Issues Get Worse? DOWNSIZED NEWS LIVE!
,Pharma Giant  Eli Lilly Loses $15 Billion Because Of Twitter Blue Tick | Sakshi TV Business
,Eli Lilly has a lot of innovation that goes beyond obesity drugs: analyst
,"Eli Lilly&#39;s obesity drug will be a tailwind for the stock, says BMO&#39;s Evan Seigerman"
,NO COMPRES esta empresa para LARGO PLAZO üëâ Eli Lilly $LLY Gabriel Martin
,"LillyDirect: New Home Delivery Service for Eli Lilly‚Äôs Diabetes, Weight Loss and Migraine Drugs"
,"Lilly&#39;s Weight-Loss Shot Zepbound Cuts Diabetes Risk, Study Says"
,Eli Lilly hits record high: Here&#39;s what investors need to know
,Pharmaceutical Company Eli Lilly Caps Out-of-Pocket Cost for Insulin at $35
,Insulin prices slashed by drug giant Eli Lilly l GMA
,Eli Lilly Sees New Weight-Loss Pill Approval in Early 2026
,Inside Eli Lilly&#39;s fight against counterfeit drugs
,Eli Lilly‚Äôs Affordable Weight Loss Breakthrough
,Cramer‚Äôs Stop Trading: Eli Lilly
,09.07.24 Eli Lilly Aktie
,Eli Lilly‚Äôs Alzheimer‚Äôs drug approved by FDA: What to know
,Eli Lilly &amp; Co frena pruebas de tratamiento contra Covid-19 | Noticias con Francisco Zea
,"Eli Lilly and Novo Nordisk are ahead in manufacturing but need time to meet demand, says Louise Chen"
,Eli Lilly frena ensayos de su tratamiento de anticuerpos | Noticias Telemundo
,Eli Lilly suing medical spas and online vendors
,"Medicamentos de Eli Lilly para bajar de peso reducen el riesgo de diabetes tipo 2, seg√∫n estudio"
,Eli Lilly warning against cosmetic use of popular weight loss drug
,ü§Ø Shocking! Lilly Files #Zepbound Lawsuits! Get the Details!
,Eli Lilly Loses Billions After Parody Twitter Account Promises Free Insulin
,FDA approves Eli Lilly&#39;s Alzheimer&#39;s drug Kisunla
,Insulin prices slashed by drug giant Eli Lilly l GMA
,Inside Eli Lilly&#39;s fight against counterfeit drugs
,Cramer‚Äôs Stop Trading: Eli Lilly
,09.07.24 Eli Lilly Aktie
,Eli Lilly‚Äôs Alzheimer‚Äôs drug approved by FDA: What to know
,Eli Lilly &amp; Co frena pruebas de tratamiento contra Covid-19 | Noticias con Francisco Zea
,"Eli Lilly and Novo Nordisk are ahead in manufacturing but need time to meet demand, says Louise Chen"
,Eli Lilly frena ensayos de su tratamiento de anticuerpos | Noticias Telemundo
,Eli Lilly suing medical spas and online vendors
,"Medicamentos de Eli Lilly para bajar de peso reducen el riesgo de diabetes tipo 2, seg√∫n estudio"
,Eli Lilly warning against cosmetic use of popular weight loss drug
,ü§Ø Shocking! Lilly Files #Zepbound Lawsuits! Get the Details!
,"How I&#39;m Trading Differently Against the Market | Abbvie, Eli Lilly Stock Review | Martin Shkreli"
,Eli Lilly Loses Billions After Parody Twitter Account Promises Free Insulin
,FDA approves Eli Lilly&#39;s Alzheimer&#39;s drug Kisunla
,"Eli Lilly results blow past estimates on strong Zepbound launch, surging Mounjaro revenue"
,Is Eli Lilly Coming for YOUR Medical Records
,NVIDIA &amp; Eli Lilly: The Future of AI &amp; Medicine üò± | August 27 MORNING Live Trading
,Cramer‚Äôs Mad Dash: Eli Lilly
,Top stock pick: Eli Lilly #stocks
,Will Eli Lilly‚Äôs Weight-Loss Drug Be a Gamechanger? | Vantage with Palki Sharma
,"Eli Lilly stock soars on earnings, &#39;off-the-charts&#39; demand for weight-loss drugs"
,Eli Lilly‚Äôs Chart Gets Another Boost from Obesity Drug
,El laboratorio Eli Lilly bajar√° el costo de la insulina: El Dr. Juan explica a qui√©nes beneficiar√°
,Eli Lilly&#39;s Zepbound has a strong shot of being the biggest drug of all time: Guggenheim&#39;s Fernandez
,"Stocks Mixed But Cap Solid Week: Cava, Ryan Specialty, Eli Lilly In Focus | Stock Market Today"
,Eli Lilly&#39;s $3 Billion GLP-1 Bet! &amp; Novo Invests $16.5 Billion in Catalent
,Eli Lilly&#39;s Radical Weight Loss Drug: Game-Changer for Health and Wealth! üí∞üíä
,Is Eli Lilly Stock a Buy Now!? LLY Stock Analysis
,"Eli Lilly&#39;s $3B expansion brings jobs and hope for some, but raises concerns for local farmers"
,Is 2024 a Good Time to Buy Eli Lilly or Novo Nordisk? | Intrinsic Valuation |
,"Expect Eli Lilly&#39;s momentum to continue, says Bank of America&#39;s Geoff Meacham"
,BofA&#39;s Geoff Meacham talks Eli Lilly closing at record high
,Billionaire investor Ken Langone: Lilly will be the first trillion dollar drug company in history
,Drugmaker Eli Lilly caps insulin cost at $35 per month
,Eli Lilly adds $5.3 billion investment in Lebanon LEAP district
,Eli Lilly CEO: We know there&#39;s high demand for weight-loss drugs and we&#39;re ready to meet it
,"Celebrities slammed for using diabetes, weight loss drugs by Eli Lilly"
,Battle of Big Pharma: Johnson &amp; Johnson VS Eli Lilly
,Eli Lilly CEO David Ricks on GLP-1 and obesity drugs
,Eli Lilly drug tirzepatide meets weight-loss goals in obesity trial
,How does ozempic work for weight loss? Why doesn‚Äôt it work for everyone?
,Eli Lilly Japan&#39;s Business Outlook
,Why Eli Lilly is a top pick to capitalize on GLP-1 drug craze
,Many Americans won&#39;t benefit from Eli Lilly&#39;s insulin price cut
,Eli Lilly launches online direct-to-consumer pharmacy to help patients get weight loss drugs
,"Eli Lilly&#39;s Zepbound, Mounjaro Open Letter: Safety, Supply, and Controversy?"
,Lilly Campus: si lavora meglio se il luogo di lavoro √® bello
,"Calls Of The Day: Eli Lilly, UnitedHealth Group, Abbott Labs and Johnson &amp; Johnson"
,"Eli Lilly is a &#39;multi-diversified drugmaker&#39;, says Cantor Fitzgerald&#39;s Louise Chen"
,"Eli Lilly Is Working on an Anti-Obesity Pill, Says CEO Dave Ricks"
,GLP-1 Market Disrupter? Pfizer to Take on Eli Lilly &amp; Novo Nordisk!
,Eli Lilly warns about counterfeit drugs
,"Eli Lilly&#39;s weight-loss drug could be the best selling drug of all time, says Jim Cramer"
,Tydzie≈Ñ po panice na rynkach. Eli Lilly kasuje miliardy na jednym leku. #GITnews
,Eli Lilly and Company Presents: Reframing Views on Alzheimer‚Äôs | The Atlantic Festival 2024
,Eli Lilly lowers out of pocket cost for weight loss drug Zepbound
,Eli Lilly&#39;s Alzheimer&#39;s drug slowed cognitive decline in phase 3 study
,Eli Lilly closer to securing FDA approval for Alzheimer&#39;s drug
,Eli Lilly CEO David Ricks on Q1 earnings: This will be a year of both growth and investment
,Lilly obesity drug to be offered in Britain&#39;s NHS | REUTERS
,‚ÄôEli Lilly‚Äò VS ‚ÄôBroadcom‚Äò ‡πÉ‡∏Ñ‡∏£‡∏Ñ‡∏∑‡∏≠‡∏ß‡πà‡∏≤‡∏ó‡∏µ‡πà‡∏´‡∏∏‡πâ‡∏ô‡∏ô‡∏≤‡∏á‡∏ü‡πâ‡∏≤‡∏ï‡∏±‡∏ß‡∏ó‡∏µ‡πà 8 ‡∏ó‡∏µ‡πà‡∏≠‡∏≤‡∏à‡∏à‡∏∞‡πÄ‡∏Ç‡∏µ‡πà‡∏¢ ‚ÄôTesla‚Äò‡∏ï‡∏Å‡∏™‡∏ß‡∏£‡∏£‡∏Ñ‡πå ?
,Cosa significa lavorare in Lilly - la testimonianza di Ambra
,Hoy Analizamos ELI LILLY!
,Zealand&#39;s obesity drug shouldn&#39;t disrupt Novo Nordisk-Eli Lilly leadership: Mizuho&#39;s Jared Holz
,Eli Lilly Set to Launch Obesity Drug Tirzipatide in India Amidst Weight Loss Craze
,"Calls of the Day: Vistra, Garmin, Tesla and Eli Lilly"
,DON&#39;T BUY Eli Lilly Stock (Until You Watch This Analysis) #LLY
,FDA approves Eli Lilly‚Äôs Zepbound drug for weight loss #shorts
,Eli Lilly cuts insulin prices by 70%
,"Eli Lilly could be the next stock to cross $1 trillion, says Jim Cramer"
,Faut-il Acheter l&#39;ACTION ELI LILLY ? M√©dicament Anti-Ob√©sit√© &amp; Objectifs 2024
,Eli Lilly CEO Dave Ricks Talks Weight Loss Drugs Success | Bloomberg Talks
,"The Problem With Moderna, Shorting IonQ Gone Wrong | Abbvie, Sellas, Eli Lilly | Martin Shkreli"
,Cramer‚Äôs Stop Trading: Eli Lilly
,HITLAB Fall Summit 2024 : Jim Parshall
,ELI LILLY&#39;S MARKET DECLINE &amp; WHAT IT MEANS TO INVESTORS | Market Mondays
,Eli Lilly launches &#39;LillyDirect&#39;: What this means for the pharma space
,BREAKING NEWS: ZEPBOUND WEIGHT LOSS  FROM LILLYDIRECT (ELI LILLY&#39;S DIRECT-TO-CONSUMER HOME DELIVERY)
,Strong Q4 For Eli Lilly | Weight Loss &amp; Diabetes Drugs Money Spinners For Pharma | N18S | CNBC TV18
,ELI LILLY JOINS LEGAL FIGHT OVER TIRZEPATIDE ‚Äî OFA vs FDA!
,Eli Lilly‚Äôs new Ozempic alternative
,Eli Lilly GLP-1 Shocks the World: 23% Weight Loss &amp; 94% Cut in Diabetes Risk!
,Eli Lilly (LLY) is the Nvidia (NVDA) of Big Pharma
,"Novo, Eli Lilly, Zealand Pharma, Gubra, Viking, Genmab, Anavex"
,¬øCu√°l es tu grado de satisfacci√≥n con los alumnos de Talento-EPHOS que hacen sus pr√°cticas en Lilly?
,Eli Lilly‚Äôs Oscars Commercial Takes Aim at Hollywood‚Äôs Use of Obesity Medicines for ‚ÄòVanity‚Äô
,Analyst discusses weight loss drugs and why he&#39;s bullish on Eli Lilly
,"IU Indianapolis, Eli Lilly partner in new co-op program"
,Spatenstich von Eli Lilly in Alzey mit Politprominenz
,Eli Lilly‚Äôs SHOCKING Move: Pressuring Patients for Medical Records Over Compounded Tirzepatide
,"The issue with Eli Lilly is the very competitive drug market, says Short Hills Partners&#39; Weiss"
,üö® Eli Lilly (LLY) Earnings Shock! Q3 Revenue Miss &amp; 2024 Forecast Cut - What&#39;s Next?
,Alphabet taps Eli Lilly executive as new CFO
,"New developments in weight-loss drugs: Novo Nordisk, Eli Lilly &amp; Pfizer advance studies"
,Multibillion-dollar investment from Eli Lilly coming to Boone County
,Eli Lilly to Boost Obesity Drug Supply With Germany Factory
,FDA approves weight loss drug from Eli Lilly
,Eli Lilly CEO weighs in on Q4 revenue miss
,E.V. and Airline Stocks Hit Speedbumps as Eli Lilly (LLY) Drives More Growth
,LILY34 - ELI LILLY AND COMPANY. AN√ÅLISE FUNDAMENTALISTA B√ÅSICA. PROF. SILAS DEGRAF
,Eli Lilly (LLY) Hits High After Diabetes Drug Approval
,"The decline in Eli Lilly can be attributed to &#39;authentic stupidity&#39;, says Jim Cramer"
,Eli Lilly‚Äôs SHOCKING Move: Pressuring Patients for Medical Records Over Compounded Tirzepatide
,Eli Lilly | echtgeld.tv vom 05.07.2024
,Great acquisition for Eli Lilly #stockmarket
,Eli Lilly goes direct-to-consumer on weight loss drugs #Shorts
,Luddy Internships - Vishal Harihar at Eli Lilly and Co.
,Eli Lilly&#39;s Stock Could be a HUGE Investment!!!
,Eli Lilly says weight loss drug Zepbound is now available
,Why Is Eli Lilly Stock CRASHING?! | Time To Buy? | LLY Stock Analysis | LLY Stock Prediction |
,Eli Lilly (LLY) Stock Higher This Week? Options Strategy Revealed
,Depot Roast! Kann es den Markt schlagen? Blackrock - TSMC - LVMH - Eli Lilly - Novo Nordisk - uvm.
,Top Biotech Stocks To Invest In: Why Eli Lilly (LLY) Might Be Appealing Now
,City Schools sues diabetes medication drug makers
,"Three-Stock Lunch: Eli Lilly, Spotify and Chipotle"
,Goldman Sachs&#39; Chris Shibutani talks his top biotech picks including Eli Lilly and Pfizer
,Laboratorio estadounidense Eli Lilly anuncia reducci√≥n de 70% del precio de su insulina | AFP
,"The Daily Recap - Key Moves from LLY, NOVO, and BABA"
,Expanding Access: The Impact of Medicare&#39;s Tirzepatide Coverage
,Eli Lilly Launches Vials Of Popular Weight-Loss Drug Zepbound At Affordable Price
,DIABETES: Eli Lilly Cuts Cost on Insulin to $35 a Month #shorts
,Lightning Round: I prefer Eli Lilly over Regeneron
,Eli Lilly vender√° Zepbound en l√≠nea directamente a los pacientes | Noticias Telemundo
,"Die Abnehmspritze - Warum der Markt brandhei√ü ist! Novo Nordisk, Eli Lilly"
,ELI LILLY tra PROBLEMI ed OPPORTUNIT√Ä: PRONTA una RIVOLUZIONE
,Could Eli Lilly Hit $1 Trillion Market Cap Mary | Market Mondays
,Why Are Novo Nordisk &amp; Eli Lilly On The Upswing? | Weight-Loss Drugs | N18V
,„Ç§„Éº„É©„Ç§„É™„É™„Éº„ÄÄÂêåÊ•≠Ë≤∑Âèé„Åß„Åå„ÇìÊ≤ªÁôÇËñ¨Áç≤Âæó„Å∏„Äê„É¢„Éº„Çµ„ÉÜ„Äë
,"Looking for a Stock Analyst, How to Model Efficiently | Eli Lilly, Sealsq Stock | Martin Shkreli"
,FDA vs. Eli Lilly: Will Compounding Tirzepatide / GLP-1 Be Stopped?
,"Eli Lilly, mejor compa√±√≠a farmac√©utica? üéØ An√°lisis t√©cnico y fundamental de LLY| Valor Intr√≠nseco"
,Eli Lilly vs. Compounded Tirzepatide ‚Äì The Battle Continues!
,ELI LILLY IS MILKING CANCER
,Eli Lilly Leaps After Earnings
,Should You Buy Eli Lilly Stock? ü§ì
,"Eli Lilly Stock Analysis, Discount Or Expensive?!"
,Eli Lilly to $1 Trillion? Can Big Pharma Finally Crack Big Tech&#39;s Club?
,"Eli Lilly - Trillion $ Health Company?, Apple‚Äôs Competition, NVIDIA &amp; Ian&#39;s Invest Fest Presentation"
,"Eli Lilly, Villa &quot;Stabilimento Sesto Fiorentino sempre pi√π strategico&quot;"
,Eli Lilly Business Summary
,ELI LILLY COMMERCIAL 2024 | &quot;SHAME&quot; | OBESITY IS A MATTER OF HEALTH. SHAME HAS NO PLACE IN IT.
,Eli Lilly&#39;s Direct-to-Patient Proposal for Diabetes Medication #shorts
,What‚Äôs Going On with Eli Lilly? ü§î
,Eli Lilly und AMD vs. Google und Reddit  | New York to Z√ºrich T√§glich | Swissquote
,"Tech&#39;s AI Bet Pays Off; Eli Lilly Earnings (Oct. 30, 2024)"
,"Eli Lilly facility Limerick, Ireland || July 2024"
,Eli Lilly Stock Can Power Through These Difficult Markets üìà
,SHOCKING Revenue Shortfall Sends Eli Lilly Stock Tumbling
,Eli Lilly warns against &#39;cosmetic&#39; use of popular weight loss drug #shorts
,Eli Lilly Stock Can Power Through These Difficult Markets üìà
,SHOCKING Revenue Shortfall Sends Eli Lilly Stock Tumbling
,Eli Lilly warns against &#39;cosmetic&#39; use of popular weight loss drug #shorts
,Eli Lilly Aktie - JETZT noch kaufen?! (Aktienanalyse 2024)
,"Novo Nordisk, Eli Lilly &amp; Co: Die besten Aktien im Kampf ums Abnehmen"
,Eli Lilly financial planning and investment management
,Eli Lilly Chart Breakdown
,Eli Lilly mit massivem Problem + US-Banken vor Zahlen
,WATCH: Daily Pick - Eli Lilly
,Understanding Stock Market Trends  Eli Lilly&#39;s Rollercoaster Journey
,Eli Lilly and Company stock review
,Eli Lilly (LLY) Stock Analysis: Buy the Dip After 14% Plunge? üíπ What&#39;s Next?
,ZEPBOUND NEWS: SIZZLING Retatrudide &amp; Tirzepatide News On Eli Lilly Investor Call // Join Fridays
,DON&#39;T BUY Eli Lilly Stock (Until You Watch This Analysis) #LLY
,"Eli Lilly Stock: A Potential Breakthrough, New Alzheimer&#39;s Drug #shorts"
,ELI LILLY Earnings Q3 2024: Business &amp; LLY Stock Info - Financial Results Analysis
,AKTIEN - AMAZON - PALANTIR - ELI LILLY -ü§ëJetzt kaufen..? - Analyse Kursziele Prognose
,Tirzepatide Compound UPDATE W/ Eli Lilly Lawsuits For Zepbound &amp; Mounjaro Copycats
,"Eli Lilly‚Äôs Big Moves, FDA Approval, $15B Buyback, Dividend Increase"
,LLY Stock Analysis: Will ASH Meeting Data Propel Eli Lilly? üìà Predicted Opening Price
,A Parkinson‚Äôs journey and basketball - Bill McCleery featured in Eli Lilly &amp; Co. video
,GRANDES RESULTADOS DE ELI LILLY
,Eli Lilly CRECI√ì 4.16%
,Eli Lilly (LLY) Stock Deep Dive - Valuation Risk Is Very High
,Eli Lilly Aktie! | Besser als Novo Nordisk? | Pharma Aktien Analyse
,Maximizing Profits: Investing in Eli Lilly Stock
,The Giant Leap: Eli Lilly&#39;s Journey to the Top
,Killik &amp; Co&#39;s Weekly Market Update: 17th Jan
,LLY ELI LILLY COMPANY has FDA approval for obesity drug #stocktobuynow #stocktowatch #investment
,Eli Lilly Stock Price Prediction 2025 to 2030 | Eli Lilly Stock Price Prediction
,Eli Lilly (LLY) Stock Analysis: Should You Invest in $LLY?
,"Opening Bell: Eli Lilly, Bumble, SolarEdge, Novavax, Disney, Axon Enterprise, Boeing"
,Eli Lilly Attacking Compounds: The Battle Has Begun Zepbound Mounjaro Tirzepatide Compound
,Eli Lilly - Aktienanalyse - Eine Investition wert?
,Eli Lilly&#39;s Tirzepatide  A Game Changer  for Heart Failure &amp; Obesity
,Eli Lilly&#39;s Zepbound Price Controversy: What You Need to Know | Latest Update
,Eli Lilly 2024 Annual Shareholders meeting - notes by Google notebookLM
,Eli Lilly hebt ab | Erstantr√§ge senken Rezessionsangst
,Alphabet | AMD | VW - bei Eli Lilly nehmen die Gewinnaussichten stark ab
,-103lb Zepbound Weight Loss Before And After Tranformation #zepbound #weightloss #tirzepatide
,Eli Lilly‚Äôs Stock Set to Soar? Discounted Drugs and FDA Moves Explained! $LLY
,Eli Lilly‚Äôs Weight Loss Drug Dramatically Reduces Diabetes Risk By Over 90% in Landmark Trial
,GLP-1 Price War? Medicare&#39;s Big Move Will Reshape Weight Loss!
,Eli Lilly Requests Medical Records From Compound Users Did You Get This Letter? Mounjaro Zepbound
,[Nov8@6:10PM] $LLY (Eli Lilly and)
,Confirmed: Eli Lilly Wont Release Higher Dose Vials Zepbound Tirzepatide Mounjaro
,Weight Loss Drug Zepbound May Reduce Sleep Apnea Eli Lilly Says
,HasanAbi reacts to Eli Lilly reducing insulin prices to $35
,Eli Lilly shame #2
,$LLY Eli Lilly Q1 2024 Earnings Conference Call
