GoogleSearch,Youtube
"Financials - Annual Reports & Proxy - BlackRock, Inc.",BlackRock: The Company that Owns the World
Regulatory Documents | BlackRock,BlackRock’s Larry Fink jokes that he’s too young to run for president #bloomberg #shorts
"Financials - Quarterly Results - BlackRock, Inc.","BlackRock CEO Larry Fink on US Economy, Trump Vs. Harris, Geopolitical Risks (Full Interview)"
Publications | BlackRock Investment Institute,BlackRock: The Conspiracies You Don’t Know
BlackRock Investor Relations,How BlackRock Became The World&#39;s Largest Asset Manager
BlackRock - AnnualReports.com,How He Built The Biggest Investment Company In The World!
"Financials - SEC Filings - BlackRock, Inc.",BlackRock - The company that owns the world?
2024 Q4 Investment Outlook | BlackRock,BlackRock Manages a Record $11.5 Trillion in Assets
European equities: opportunity in selectivity,Blackrock: A Fading Superpower
"BlackRock Reports Full Year 2023 Diluted EPS of $36.51, or $37.77",BLACKROCK IS GIVING YOU 72 HOURS TO BUY 0.16 BITCOIN! (SHOCKING BITCOIN NEWS COULD SWAY ELECTION!)
